Asterionellopsis.png,Asterionellopsis
Chaetoceros.png,Chaetoceros
Coscinodiscus.png,Coscinodiscus
Cylindrotheca.png,Cylindrotheca
Ditylum.png,Ditylum
Eucampia.png,Eucampia
Leptocylindrus.png,Leptocylindrus
Thalassionema.png,Thalassionema
hemiaulus.png,hemiaulus
pseudo-nitzchia.png,pseudo-nitzchia
LRAH12_20240416T185726.025808Z_PTVR02HM_63555_8_28_868_0_112_92_0.jpg,pseudo-nitzchia
unkown.png,unkown
LRAH12_20240415T234925.108854Z_PTVR02HM_15171_4_370_0_0_88_64_0.jpg,Chaetoceros
LRAH12_20240419T111328.526691Z_PTVR02HM_630389_1_1150_294_0_148_144_0.jpg,Asteromphalus
LRAH12_20240416T115522.396792Z_PTVR02HM_450791_0_1810_824_0_132_136_0.jpg,Asteromphalus
LRAH12_20240416T103856.294002Z_PTVR02HM_404925_5_1796_1156_0_188_132_0.jpg,Thalassionema
LRAH12_20240418T203104.042007Z_PTVR02HM_100884_2_1584_224_0_216_104_0.jpg,Thalassionema
LRAH12_20240417T230452.390109Z_PTVR02HM_240798_1_1788_1328_0_432_248_0.jpg,Chaetoceros
LRAH12_20240419T163931.740042Z_PTVR02HM_826043_9_1152_1084_0_196_284_0.jpg,Eucampia
LRAH12_20240416T012431.906231Z_PTVR02HM_72245_12_948_1404_0_144_364_0.jpg,Eucampia
LRAH12_20240416T112140.526782Z_PTVR02HM_430570_28_518_0_0_428_424_0.jpg,Guinardia
LRAH12_20240418T123651.759377Z_PTVR02HM_728045_11_162_1436_0_100_276_0.jpg,Chaetoceros
LRAH12_20240417T191616.493803Z_PTVR02HM_103624_13_1790_1634_0_320_356_0.jpg,Ditylum
LRAH12_20240417T210751.258628Z_PTVR02HM_170579_5_874_1508_0_180_192_0.jpg,Ditylum
LRAH12_20240418T042758.082864Z_PTVR02HM_434676_2_236_1082_0_124_68_0.jpg,Pennate
LRAH12_20240416T073039.120887Z_PTVR02HM_291941_4_448_42_0_104_80_0.jpg,Pennate